vendor_id,vendor_name,vendor_type,vendor_owner_first_name,vendor_owner_last_name
1.0,chris's sustainable eggs & meats,eggs & meats,chris,sylvan
2.0,hernandez salsa & veggies,fresh variety: veggies & more,maria,hernández
3.0,mountain view vegetables,fresh variety: veggies & more,joseph,poder
4.0,fields of corn,fresh focused,samuel,smith
5.0,seashell clay shop,,karen,soula
6.0,mother's garlic & greens,fresh variety: veggies & more,vera,gordon
,marco's peppers,fresh variety: veggies & more,marco,bokashi
8.0,annie's pies,prepared foods,anne,aquinas
9.0,,prepared foods,kani,hardi
