customer_id,customer_first_name,customer_last_name,customer_zip,customer_full_name,Index,New_zip
501,panet,davis,22801,panet_davis,0,22801
502,jeri,gruber,22801,jeri_gruber,1,22802
503,russell,valenzuela,22801,russell_valenzuela,2,22803
504,hannah,gruber,22801,hannah_gruber,3,22804
505,jeremy,harris,22801,jeremy_harris,4,22805
506,russell,wilson,22801,russell_wilson,5,22806
507,manuel,lopes,22801,manuel_lopes,6,22807
508,N.A.,armenta,22801,N.A._armenta,7,22808
509,manuel,connor,22801,manuel_connor,8,22809
511,valerie,paulson,22801,valerie_paulson,10,22811
512,iva,N.A.,22801,iva_N.A.,11,22812
513,jeri,mitchell,22801,jeri_mitchell,12,22813
514,hannah,lopes,22801,hannah_lopes,13,22814
-1,kevin,wilson,22801,kevin_wilson,14,22815
516,N.A.,bullard,22801,N.A._bullard,15,22816
517,hannah,valenzuela,22801,hannah_valenzuela,16,22817
518,richard,valenzuela,22801,richard_valenzuela,17,22818
519,george,harris,22801,george_harris,18,22819
521,richard,diaz,22801,richard_diaz,20,22821
522,kevin,mitchell,22801,kevin_mitchell,21,22822
523,panet,lopes,22801,panet_lopes,22,22823
524,N.A.,N.A.,22801,N.A._N.A.,23,22824
525,russell,null,22801,russell_null,24,22825
526,jeri,wilson,22801,jeri_wilson,25,22826
527,ada,loftis,22801,ada_loftis,26,22827
528,betty,smith,22801,betty_smith,27,22828
529,russell,harris,22801,russell_harris,28,22829
531,pack,harris,22801,pack_harris,30,22831
532,N.A.,smith,22801,N.A._smith,31,22832
533,william,diaz,22801,william_diaz,32,22833
534,pack,harris,22801,pack_harris,33,22834
535,ada,kienzler,22801,ada_kienzler,34,22835
536,jeri,N.A.,22801,jeri_N.A.,35,22836
537,russell,nieves,22801,russell_nieves,36,22837
538,russell,kienzler,22801,russell_kienzler,37,22838
539,darrell,smith,22801,darrell_smith,38,22839
541,darrell,edwards,22801,darrell_edwards,40,22841
542,jeri,messina,22801,jeri_messina,41,22842
543,pane,valenzuela,22801,pane_valenzuela,42,22843
544,richard,connor,22801,richard_connor,43,22844
-1,william,forbes,22801,william_forbes,44,22845
546,jeremy,brown,22801,jeremy_brown,45,22846
547,valerie,forbes,22801,valerie_forbes,46,22847
548,N.A.,N.A.,22801,N.A._N.A.,47,22848
549,abigail,wilson,22801,abigail_wilson,48,22849
551,jessica,paulson,22801,jessica_paulson,50,22851
552,panet,edwards,22801,panet_edwards,51,22852
553,panet,edwards,22801,panet_edwards,52,22853
554,russell,lopes,22801,russell_lopes,53,22854
555,manuel,connor,22801,manuel_connor,54,22855
556,N.A.,kienzler,22801,N.A._kienzler,55,22856
557,jessica,wilson,22801,jessica_wilson,56,22857
558,william,forbes,22801,william_forbes,57,22858
559,abigail,connor,22801,abigail_connor,58,22859
561,jessica,mitchell,22801,jessica_mitchell,60,22861
562,ada,wilson,22801,ada_wilson,61,22862
563,pane,bullard,22801,pane_bullard,62,22863
564,N.A.,nieves,22801,N.A._nieves,63,22864
565,panet,edwards,22801,panet_edwards,64,22865
566,jeri,mitchell,22801,jeri_mitchell,65,22866
567,pack,messina,22801,pack_messina,66,22867
568,hannah,valenzuela,22801,hannah_valenzuela,67,22868
569,valerie,davis,22801,valerie_davis,68,22869
571,panet,messina,22801,panet_messina,70,22871
572,N.A.,N.A.,22801,N.A._N.A.,71,22872
573,jeri,gruber,22801,jeri_gruber,72,22873
574,betty,messina,22801,betty_messina,73,22874
-1,panet,null,22801,panet_null,74,22875
576,hannah,diaz,22801,hannah_diaz,75,22876
577,pack,messina,22801,pack_messina,76,22877
578,norma,lopes,22801,norma_lopes,77,22878
579,william,davis,22801,william_davis,78,22879
581,panet,connor,22801,panet_connor,80,22881
582,pane,davis,22801,pane_davis,81,22882
583,darrell,edwards,22801,darrell_edwards,82,22883
584,abigail,N.A.,22801,abigail_N.A.,83,22884
585,panet,armenta,22801,panet_armenta,84,22885
586,russell,edwards,22801,russell_edwards,85,22886
587,jessica,connor,22801,jessica_connor,86,22887
588,N.A.,brown,22801,N.A._brown,87,22888
589,pack,lopes,22801,pack_lopes,88,22889
591,kevin,loftis,22801,kevin_loftis,90,22891
592,valerie,davis,22801,valerie_davis,91,22892
593,william,valenzuela,22801,william_valenzuela,92,22893
594,manuel,wilson,22801,manuel_wilson,93,22894
595,valerie,bullard,22801,valerie_bullard,94,22895
596,N.A.,N.A.,22801,N.A._N.A.,95,22896
597,valerie,loftis,22801,valerie_loftis,96,22897
598,valerie,diaz,22801,valerie_diaz,97,22898
599,manuel,bullard,22801,manuel_bullard,98,22899
601,pane,brown,22801,pane_brown,100,22901
602,manuel,lopes,22801,manuel_lopes,101,22902
603,norma,harris,22801,norma_harris,102,22903
604,N.A.,gruber,22801,N.A._gruber,103,22904
-1,valerie,armenta,22801,valerie_armenta,104,22905
606,jessica,davis,22801,jessica_davis,105,22906
607,manuel,armenta,22801,manuel_armenta,106,22907
608,jeremy,N.A.,22801,jeremy_N.A.,107,22908
609,iva,kienzler,22801,iva_kienzler,108,22909
611,norma,kienzler,22801,norma_kienzler,110,22911
612,N.A.,wilson,22801,N.A._wilson,111,22912
613,kevin,harris,22801,kevin_harris,112,22913
614,hannah,wilson,22801,hannah_wilson,113,22914
615,hannah,davis,22801,hannah_davis,114,22915
616,panet,davis,22801,panet_davis,115,22916
617,richard,connor,22801,richard_connor,116,22917
618,russell,valenzuela,22801,russell_valenzuela,117,22918
619,george,forbes,22801,george_forbes,118,22919
621,pane,gruber,22801,pane_gruber,120,22921
622,george,paulson,22801,george_paulson,121,22922
623,abigail,valenzuela,22801,abigail_valenzuela,122,22923
624,iva,kienzler,22801,iva_kienzler,123,22924
625,kevin,null,22801,kevin_null,124,22925
626,valerie,diaz,22801,valerie_diaz,125,22926
627,pane,kienzler,22801,pane_kienzler,126,22927
628,N.A.,lopes,22801,N.A._lopes,127,22928
629,jessica,bullard,22801,jessica_bullard,128,22929
631,abigail,brown,22801,abigail_brown,130,22931
632,iva,N.A.,22801,iva_N.A.,131,22932
633,iva,wilson,22801,iva_wilson,132,22933
634,kevin,connor,22801,kevin_connor,133,22934
-1,kevin,gruber,22801,kevin_gruber,134,22935
636,N.A.,loftis,22801,N.A._loftis,135,22936
637,russell,harris,22801,russell_harris,136,22937
638,norma,forbes,22801,norma_forbes,137,22938
639,kevin,wilson,22801,kevin_wilson,138,22939
641,george,nieves,22801,george_nieves,140,22941
642,george,diaz,22801,george_diaz,141,22942
643,abigail,kienzler,22801,abigail_kienzler,142,22943
644,N.A.,N.A.,22801,N.A._N.A.,143,22944
645,richard,harris,22801,richard_harris,144,22945
646,pane,harris,22801,pane_harris,145,22946
647,pane,nieves,22801,pane_nieves,146,22947
648,iva,davis,22801,iva_davis,147,22948
649,russell,valenzuela,22801,russell_valenzuela,148,22949
651,valerie,connor,22801,valerie_connor,150,22951
652,N.A.,kienzler,22801,N.A._kienzler,151,22952
653,william,brown,22801,william_brown,152,22953
654,ada,armenta,22801,ada_armenta,153,22954
655,norma,messina,22801,norma_messina,154,22955
656,hannah,N.A.,22801,hannah_N.A.,155,22956
657,russell,diaz,22801,russell_diaz,156,22957
658,pane,mitchell,22801,pane_mitchell,157,22958
659,pane,bullard,22801,pane_bullard,158,22959
661,hannah,harris,22801,hannah_harris,160,22961
662,abigail,loftis,22801,abigail_loftis,161,22962
663,valerie,lopes,22801,valerie_lopes,162,22963
664,ada,armenta,22801,ada_armenta,163,22964
-1,abigail,edwards,22801,abigail_edwards,164,22965
666,jessica,loftis,22801,jessica_loftis,165,22966
667,ada,wilson,22801,ada_wilson,166,22967
668,N.A.,N.A.,22801,N.A._N.A.,167,22968
669,pane,davis,22801,pane_davis,168,22969
671,george,paulson,22801,george_paulson,170,22971
672,abigail,forbes,22801,abigail_forbes,171,22972
673,ada,smith,22801,ada_smith,172,22973
674,jeri,diaz,22801,jeri_diaz,173,22974
675,pack,null,22801,pack_null,174,22975
676,N.A.,diaz,22801,N.A._diaz,175,22976
677,valerie,forbes,22801,valerie_forbes,176,22977
678,pane,edwards,22801,pane_edwards,177,22978
679,jeremy,kienzler,22801,jeremy_kienzler,178,22979
681,pack,wilson,22801,pack_wilson,180,22981
682,george,messina,22801,george_messina,181,22982
683,panet,harris,22801,panet_harris,182,22983
684,N.A.,messina,22801,N.A._messina,183,22984
685,kevin,connor,22801,kevin_connor,184,22985
686,russell,nieves,22801,russell_nieves,185,22986
687,iva,nieves,22801,iva_nieves,186,22987
688,william,brown,22801,william_brown,187,22988
689,jeri,diaz,22801,jeri_diaz,188,22989
691,valerie,davis,22801,valerie_davis,190,22991
692,N.A.,N.A.,22801,N.A._N.A.,191,22992
693,pack,armenta,22801,pack_armenta,192,22993
694,jeri,gruber,22801,jeri_gruber,193,22994
-1,jessica,connor,22801,jessica_connor,194,22995
696,russell,lopes,22801,russell_lopes,195,22996
697,william,bullard,22801,william_bullard,196,22997
698,panet,harris,22801,panet_harris,197,22998
699,norma,messina,22801,norma_messina,198,22999
510,william,lopes,-1,william_lopes,9,8
520,ada,smith,-1,ada_smith,19,18
-1,manuel,armenta,-1,manuel_armenta,29,28
540,N.A.,mitchell,-1,N.A._mitchell,39,38
550,pane,null,-1,pane_null,49,48
-1,abigail,N.A.,-1,abigail_N.A.,59,58
570,betty,bullard,-1,betty_bullard,69,68
580,N.A.,gruber,-1,N.A._gruber,79,78
-1,jeri,edwards,-1,jeri_edwards,89,88
600,pane,null,-1,pane_null,99,98
610,pane,edwards,-1,pane_edwards,109,108
-1,N.A.,N.A.,-1,N.A._N.A.,119,118
630,richard,edwards,-1,richard_edwards,129,128
640,iva,wilson,-1,iva_wilson,139,138
-1,abigail,null,-1,abigail_null,149,148
660,N.A.,kienzler,-1,N.A._kienzler,159,158
670,pane,wilson,-1,pane_wilson,169,168
-1,panet,N.A.,-1,panet_N.A.,179,178
690,manuel,brown,-1,manuel_brown,189,188
700,N.A.,null,-1,N.A._null,199,198
