vendor_id,vendor_name,vendor_type,vendor_owner_first_name,vendor_owner_last_name
1,chris's sustainable eggs & meats,eggs & meats,chris,sylvan
2,hernandez salsa & veggies,fresh variety: veggies & more,maria,hernández
3,mountain view vegetables,fresh variety: veggies & more,joseph,poder
4,fields of corn,fresh focused,samuel,smith
5,seashell clay shop,,karen,soula
6,mother's garlic & greens,fresh variety: veggies & more,vera,gordon
0,marco's peppers,fresh variety: veggies & more,marco,bokashi
8,annie's pies,prepared foods,anne,aquinas
9,,prepared foods,kani,hardi
